{
  "version": "1.0",
  "exported_at": "2026-02-12T11:24:29.823219",
  "package": {
    "id": "7cc65939-6ebd-461e-b5a5-152c88937ee4",
    "group_id": "default-group-id",
    "group_name": "Default",
    "language_code1": "en",
    "language_name1": "English2",
    "language_code2": "de",
    "language_name2": "German2",
    "description": "Essential German vocabulary for beginners",
    "icon": null,
    "icon_is_custom": false,
    "author_name": "Test Author",
    "author_email": "test@languagerally.com",
    "author_webpage": "https://languagerally.com",
    "version": "1.0.0",
    "package_type": "userCreated",
    "created_at": "2026-02-12T11:17:54.880"
  },
  "categories": [
    {
      "id": "3f435b47-223f-416e-a62c-45671f2de26b",
      "name": "Food",
      "description": "Food and drinks"
    },
    {
      "id": "12fe5e08-9c65-4527-bea6-ffa41a021e74",
      "name": "Greetings",
      "description": "Common greetings"
    },
    {
      "id": "03d4bbd5-8337-4f33-b404-9c6de883e7b2",
      "name": "Travel",
      "description": "Travel phrases"
    }
  ],
  "items": [
    {
      "id": "3e400a58-21f4-472c-8813-f80cb46f8b74",
      "packageId": "7cc65939-6ebd-461e-b5a5-152c88937ee4",
      "categoryIds": [
        "03d4bbd5-8337-4f33-b404-9c6de883e7b2"
      ],
      "language1Data": {
        "languageCode": "en",
        "text": "train station",
        "preItem": null,
        "postItem": null
      },
      "language2Data": {
        "languageCode": "de",
        "text": "Bahnhof",
        "preItem": "der",
        "postItem": null
      },
      "examples": [],
      "isKnown": false,
      "isFavourite": false,
      "isImportant": true,
      "dontKnowCounter": 0,
      "lastReviewedAt": null
    },
    {
      "id": "409c8f60-47da-4401-8d3b-707e38ba3f77",
      "packageId": "7cc65939-6ebd-461e-b5a5-152c88937ee4",
      "categoryIds": [
        "12fe5e08-9c65-4527-bea6-ffa41a021e74"
      ],
      "language1Data": {
        "languageCode": "en",
        "text": "Hello",
        "preItem": null,
        "postItem": null
      },
      "language2Data": {
        "languageCode": "de",
        "text": "Hallo",
        "preItem": null,
        "postItem": null
      },
      "examples": [],
      "isKnown": false,
      "isFavourite": false,
      "isImportant": true,
      "dontKnowCounter": 0,
      "lastReviewedAt": null
    },
    {
      "id": "a1ebe29d-96e1-4bc3-bdbc-c56f223332b0",
      "packageId": "7cc65939-6ebd-461e-b5a5-152c88937ee4",
      "categoryIds": [
        "12fe5e08-9c65-4527-bea6-ffa41a021e74"
      ],
      "language1Data": {
        "languageCode": "en",
        "text": "Good morning",
        "preItem": null,
        "postItem": null
      },
      "language2Data": {
        "languageCode": "de",
        "text": "Guten Morgen",
        "preItem": null,
        "postItem": null
      },
      "examples": [],
      "isKnown": true,
      "isFavourite": false,
      "isImportant": false,
      "dontKnowCounter": 0,
      "lastReviewedAt": null
    },
    {
      "id": "1983bffe-f254-4ea1-ba3b-3575fbde7ce1",
      "packageId": "7cc65939-6ebd-461e-b5a5-152c88937ee4",
      "categoryIds": [
        "3f435b47-223f-416e-a62c-45671f2de26b"
      ],
      "language1Data": {
        "languageCode": "en",
        "text": "apple",
        "preItem": null,
        "postItem": null
      },
      "language2Data": {
        "languageCode": "de",
        "text": "Apfel",
        "preItem": "der",
        "postItem": null
      },
      "examples": [],
      "isKnown": true,
      "isFavourite": false,
      "isImportant": false,
      "dontKnowCounter": 0,
      "lastReviewedAt": null
    }
  ]
}