{
  "version": "1.0",
  "exported_at": "2026-02-12T11:18:05.836267",
  "package": {
    "id": "a2fba0a2-16e5-4306-9075-cb4345b04dbb",
    "group_id": "default-group-id",
    "group_name": "Default",
    "language_code1": "en",
    "language_name1": "English1",
    "language_code2": "de",
    "language_name2": "German1",
    "description": "Essential German vocabulary for beginners",
    "icon": null,
    "icon_is_custom": false,
    "author_name": "Test Author",
    "author_email": "test@languagerally.com",
    "author_webpage": "https://languagerally.com",
    "version": "1.0.0",
    "package_type": "userCreated",
    "created_at": "2026-02-12T11:16:21.136"
  },
  "categories": [
    {
      "id": "519c5839-417f-4970-8a83-95fc03d8db30",
      "name": "Food",
      "description": "Food and drinks"
    },
    {
      "id": "7677731e-55bf-4547-8a73-3a7fbdf5d7d5",
      "name": "Greetings",
      "description": "Common greetings"
    },
    {
      "id": "e2ce27a7-2374-4f4e-a246-fef515af6981",
      "name": "Travel",
      "description": "Travel phrases"
    }
  ],
  "items": [
    {
      "id": "de3d65fd-3f32-4e7d-83e1-c5be0cd5142c",
      "packageId": "a2fba0a2-16e5-4306-9075-cb4345b04dbb",
      "categoryIds": [
        "519c5839-417f-4970-8a83-95fc03d8db30"
      ],
      "language1Data": {
        "languageCode": "en",
        "text": "apple",
        "preItem": null,
        "postItem": null
      },
      "language2Data": {
        "languageCode": "de",
        "text": "Apfel",
        "preItem": "der",
        "postItem": null
      },
      "examples": [],
      "isKnown": true,
      "isFavourite": false,
      "isImportant": false,
      "dontKnowCounter": 0,
      "lastReviewedAt": null
    },
    {
      "id": "260b5c5f-46a1-4673-94e0-1de80e21ce94",
      "packageId": "a2fba0a2-16e5-4306-9075-cb4345b04dbb",
      "categoryIds": [
        "7677731e-55bf-4547-8a73-3a7fbdf5d7d5"
      ],
      "language1Data": {
        "languageCode": "en",
        "text": "Hello",
        "preItem": null,
        "postItem": null
      },
      "language2Data": {
        "languageCode": "de",
        "text": "Hallo",
        "preItem": null,
        "postItem": null
      },
      "examples": [],
      "isKnown": false,
      "isFavourite": false,
      "isImportant": true,
      "dontKnowCounter": 0,
      "lastReviewedAt": null
    },
    {
      "id": "3670f47a-a648-4c51-8166-db3291fab28c",
      "packageId": "a2fba0a2-16e5-4306-9075-cb4345b04dbb",
      "categoryIds": [
        "7677731e-55bf-4547-8a73-3a7fbdf5d7d5"
      ],
      "language1Data": {
        "languageCode": "en",
        "text": "Good morning",
        "preItem": null,
        "postItem": null
      },
      "language2Data": {
        "languageCode": "de",
        "text": "Guten Morgen",
        "preItem": null,
        "postItem": null
      },
      "examples": [],
      "isKnown": true,
      "isFavourite": false,
      "isImportant": false,
      "dontKnowCounter": 0,
      "lastReviewedAt": null
    },
    {
      "id": "5c0c9ce1-bed9-4655-b0a7-32cbde6d01a3",
      "packageId": "a2fba0a2-16e5-4306-9075-cb4345b04dbb",
      "categoryIds": [
        "e2ce27a7-2374-4f4e-a246-fef515af6981"
      ],
      "language1Data": {
        "languageCode": "en",
        "text": "train station",
        "preItem": null,
        "postItem": null
      },
      "language2Data": {
        "languageCode": "de",
        "text": "Bahnhof",
        "preItem": "der",
        "postItem": null
      },
      "examples": [],
      "isKnown": false,
      "isFavourite": false,
      "isImportant": true,
      "dontKnowCounter": 0,
      "lastReviewedAt": null
    }
  ]
}