{
  "version": "1.0",
  "exported_at": "2026-02-13T12:06:03.933932",
  "package": {
    "id": "e96c65c5-c774-4a2f-ad35-d9a4056681a6",
    "group_id": "default-group-id",
    "group_name": "Default",
    "language_code1": "hu-HU",
    "language_name1": "Hungarian (Hungary)",
    "language_code2": "en-GB",
    "language_name2": "English (United Kingdom)",
    "description": null,
    "icon": null,
    "icon_is_custom": false,
    "author_name": null,
    "author_email": null,
    "author_webpage": null,
    "version": "1.0",
    "package_type": "userCreated",
    "created_at": "2026-02-13T09:48:25.708"
  },
  "categories": [
    {
      "id": "263734f0-df15-4fcb-b968-09bb77df6721",
      "name": "Acceptance",
      "description": null
    },
    {
      "id": "9fd64144-3604-446d-b6d7-e866cde8bbd0",
      "name": "Accumulation",
      "description": null
    },
    {
      "id": "b8821e04-3906-444c-b561-5932c278ab47",
      "name": "Action",
      "description": null
    },
    {
      "id": "90a4f5e2-f148-40b6-9811-038e63dccc3a",
      "name": "Actions",
      "description": null
    },
    {
      "id": "85d66b04-a7d0-42be-a11a-f003427158fc",
      "name": "Anger",
      "description": null
    },
    {
      "id": "1d53c9dd-c5ba-4789-82ce-e1b798b750ea",
      "name": "Appearance",
      "description": null
    },
    {
      "id": "b0d95771-ae00-4bdd-80b4-631fbc3a2ece",
      "name": "Beauty",
      "description": null
    },
    {
      "id": "ded31b44-d550-41ca-a7d4-68c971774c42",
      "name": "Benefit",
      "description": null
    },
    {
      "id": "c7c12f8b-543b-495a-bc2b-a1d7c0ad9696",
      "name": "Calm",
      "description": null
    },
    {
      "id": "8f3b8f4e-7868-4435-b23f-0e8352b873b1",
      "name": "Caution",
      "description": null
    },
    {
      "id": "b3508355-b977-4066-aeb7-06d3fbc216a0",
      "name": "Certainty",
      "description": null
    },
    {
      "id": "be5d97ef-adf8-4edb-8755-881bfeb0aeb0",
      "name": "Challenge",
      "description": null
    },
    {
      "id": "c000ede0-6486-4c67-b3fb-c793ed6a0ac7",
      "name": "Change",
      "description": null
    },
    {
      "id": "76dd1c08-a7ff-422b-a66a-9a8bfbb06c07",
      "name": "Character",
      "description": null
    },
    {
      "id": "412a9127-c54a-4818-a426-bd323b67ea6d",
      "name": "Choices",
      "description": null
    },
    {
      "id": "7c43b695-f502-4871-955a-759129aa125c",
      "name": "Comfort",
      "description": null
    },
    {
      "id": "f49a3942-2e3e-42dc-9480-782f848696e7",
      "name": "Communication",
      "description": null
    },
    {
      "id": "68458945-9f4e-4117-a6d4-9eb0e4899d8b",
      "name": "Consequences",
      "description": null
    },
    {
      "id": "2530c5c8-67cf-42e9-8aa8-85a66a1254d5",
      "name": "Cowardice",
      "description": null
    },
    {
      "id": "bc7c77a1-acda-4e8d-9465-ba3d25cd859f",
      "name": "Criticism",
      "description": null
    },
    {
      "id": "b3e5e12b-a4cf-478f-8496-59f181d23db4",
      "name": "Culture",
      "description": null
    },
    {
      "id": "7a0f3546-0d8e-4ffe-991a-05dd6d6c9d36",
      "name": "Deception",
      "description": null
    },
    {
      "id": "5ad92ea5-bf00-4cbf-bc9d-6b62104fbd77",
      "name": "Defeat",
      "description": null
    },
    {
      "id": "1024ff3f-eb0f-46de-9f02-a2b03fde64ba",
      "name": "Depression",
      "description": null
    },
    {
      "id": "bd44bd16-9532-4c10-88f3-030626557eed",
      "name": "Determination",
      "description": null
    },
    {
      "id": "3448c626-bbca-4791-acc4-9c959372288d",
      "name": "Difficulty",
      "description": null
    },
    {
      "id": "5d1f57ef-3497-4eed-87ad-cf1608938fe7",
      "name": "Dignity",
      "description": null
    },
    {
      "id": "d9143e89-ece0-483b-85f0-01be0958a844",
      "name": "Diligence",
      "description": null
    },
    {
      "id": "84040b68-a7a9-479e-ba8c-fd2f36d5bce1",
      "name": "Disappointment",
      "description": null
    },
    {
      "id": "503f40ae-fb10-48af-b540-44d533bc2cc7",
      "name": "Discretion",
      "description": null
    },
    {
      "id": "62493667-618c-4a4d-b4b5-948869be44e9",
      "name": "Diversity",
      "description": null
    },
    {
      "id": "dcd87792-269e-4330-b1cd-8c2f76c02b9d",
      "name": "Documentation",
      "description": null
    },
    {
      "id": "46676dbd-5380-4ef8-93cf-5d685dc52e8f",
      "name": "Duality",
      "description": null
    },
    {
      "id": "634ba31a-48b5-426b-83c9-dbb90a3887e6",
      "name": "Economics",
      "description": null
    },
    {
      "id": "b2508b69-262a-4736-bbda-d4b21c77c8e0",
      "name": "Efficiency",
      "description": null
    },
    {
      "id": "59db77ce-3fde-47a5-8626-01cb95890e96",
      "name": "Effort",
      "description": null
    },
    {
      "id": "827f1531-ea29-481e-9d18-89da7f015d15",
      "name": "Emotion",
      "description": null
    },
    {
      "id": "df8d01d6-7e1e-4c2c-9e97-aeca8fc73dd9",
      "name": "Empathy",
      "description": null
    },
    {
      "id": "298ef37b-b676-4fb4-82e7-aba64e1c5f9e",
      "name": "Evidence",
      "description": null
    },
    {
      "id": "36585885-52e0-4b2c-8697-d91a0130a02e",
      "name": "Expression",
      "description": null
    },
    {
      "id": "305761ca-2b9c-4c48-87cc-0114b1134164",
      "name": "Faith",
      "description": null
    },
    {
      "id": "4259f170-5d1a-4daf-b9ff-de833535748f",
      "name": "Family",
      "description": null
    },
    {
      "id": "a43efa9a-8f5f-4720-bb9d-d2903e4e820c",
      "name": "Fear",
      "description": null
    },
    {
      "id": "9bd99ccf-c044-4a6a-b6cb-bdc3448ce374",
      "name": "Focus",
      "description": null
    },
    {
      "id": "c9005253-3e7a-4668-b3a0-761b7becf6a0",
      "name": "Friendship",
      "description": null
    },
    {
      "id": "71d59c5a-4505-4b51-8b03-f7ec2e6680ce",
      "name": "Greed",
      "description": null
    },
    {
      "id": "017eb80c-f66e-4007-b977-5ebb76d24619",
      "name": "Growth",
      "description": null
    },
    {
      "id": "380725c5-c6df-4ec9-8d74-e6b6f8c5b21a",
      "name": "Happiness",
      "description": null
    },
    {
      "id": "fe3f5480-e775-4246-9bb1-30234405ee35",
      "name": "Heredity",
      "description": null
    },
    {
      "id": "da1119b7-380c-4132-bb1f-e7c9a0625d8b",
      "name": "Holiday",
      "description": null
    },
    {
      "id": "fb387d13-5baf-476f-bb63-e92bb0c5fd4c",
      "name": "Honesty",
      "description": null
    },
    {
      "id": "557e5c62-64bf-4481-a766-af69e6a27cc7",
      "name": "Human nature",
      "description": null
    },
    {
      "id": "4341aa27-c37b-4569-ac26-450ecaa04924",
      "name": "Hypocrisy",
      "description": null
    },
    {
      "id": "00467c13-f3ff-412d-9606-e4263c2bb26c",
      "name": "Imperfection",
      "description": null
    },
    {
      "id": "d4666e1d-30ec-4d63-a1e2-2dae6d7aede1",
      "name": "Impossibility",
      "description": null
    },
    {
      "id": "52d4a6c3-e788-4588-ae9c-af3bb4210fec",
      "name": "Indifference",
      "description": null
    },
    {
      "id": "cf49815e-b246-494a-ac36-58ff9094efda",
      "name": "Influence",
      "description": null
    },
    {
      "id": "6827c831-edb9-4c46-b3f6-72204067fc28",
      "name": "Inheritance",
      "description": null
    },
    {
      "id": "26f12f3b-03a5-4652-b211-c0fa2c68cb3a",
      "name": "Interest",
      "description": null
    },
    {
      "id": "3eaf5cba-2a91-4fa1-83b9-76505e7131f4",
      "name": "Judgment",
      "description": null
    },
    {
      "id": "76749d4e-a963-44ca-8fdf-afe84b1be387",
      "name": "Karma",
      "description": null
    },
    {
      "id": "a0e7f35a-d5b0-487f-b866-04cdb7b4d326",
      "name": "Life",
      "description": null
    },
    {
      "id": "6e8c71bc-e228-40fe-93ab-2437482ad76f",
      "name": "Limits",
      "description": null
    },
    {
      "id": "4802daea-054a-40c8-87dd-66fef27ca739",
      "name": "Low",
      "description": null
    },
    {
      "id": "24e7d19e-7044-4d28-8041-b761d1c84b5a",
      "name": "Luck",
      "description": null
    },
    {
      "id": "0fdab127-7227-495a-9680-43ae8a7fef2c",
      "name": "Moderation",
      "description": null
    },
    {
      "id": "804e9b9b-1822-40a5-b89e-127c5734ad99",
      "name": "Money",
      "description": null
    },
    {
      "id": "cba81768-583d-40df-a0aa-c989ff898d4f",
      "name": "Mood",
      "description": null
    },
    {
      "id": "fc678db9-50bc-4802-ad94-e9e9c2ae3af8",
      "name": "Motivation",
      "description": null
    },
    {
      "id": "441da68b-50a9-41f8-b6ed-a75e376f7668",
      "name": "Multitasking",
      "description": null
    },
    {
      "id": "fc504aaf-44de-400e-9ea8-875f01cce00e",
      "name": "Nature",
      "description": null
    },
    {
      "id": "108f4517-0eed-407f-b8df-dcda36e9cc49",
      "name": "Negativity",
      "description": null
    },
    {
      "id": "e283c030-04de-4d36-a782-038d4adfe22b",
      "name": "News",
      "description": null
    },
    {
      "id": "18f48c5f-2e05-4219-aa7d-8f200cd4b8bc",
      "name": "Nostalgia",
      "description": null
    },
    {
      "id": "aeb12197-99cb-4ada-a077-ccb7cc824440",
      "name": "Opportunity",
      "description": null
    },
    {
      "id": "1f5676c5-7c1b-42a2-a975-af4a4c0e65e1",
      "name": "Past",
      "description": null
    },
    {
      "id": "90214426-e091-490a-b0b5-f513bf09385d",
      "name": "Patience",
      "description": null
    },
    {
      "id": "cc64dcc1-a462-4a6d-ae1a-026bc4ca96f7",
      "name": "Permanence",
      "description": null
    },
    {
      "id": "6067a0ce-cd79-4dd5-a5d8-dbe1bf828e04",
      "name": "Planning",
      "description": null
    },
    {
      "id": "0c04309c-e45c-4d24-a596-2a797457ef7a",
      "name": "Power",
      "description": null
    },
    {
      "id": "843de4ce-7163-4940-91b9-01cc030a7940",
      "name": "Present",
      "description": null
    },
    {
      "id": "ad886c6b-3f15-4565-8778-fcd7c2c9b3d9",
      "name": "Priorities",
      "description": null
    },
    {
      "id": "d0a953bf-f978-4719-93a6-d5aec86f9272",
      "name": "Procrastination",
      "description": null
    },
    {
      "id": "6ed1f4c8-9dd4-451c-9242-65b6bbb5f94e",
      "name": "Progress",
      "description": null
    },
    {
      "id": "2f919d37-79be-42af-9117-28bade5dae7f",
      "name": "Rarity",
      "description": null
    },
    {
      "id": "c8266c67-08be-4f36-bb9b-ffaa0ff96db9",
      "name": "Reality",
      "description": null
    },
    {
      "id": "f93d048e-fa78-4117-8cf8-990d1949fa14",
      "name": "Resilience",
      "description": null
    },
    {
      "id": "b870d699-ac30-4b83-b1e9-968e3d82672c",
      "name": "Resourcefulness",
      "description": null
    },
    {
      "id": "256a3d07-726a-4733-b071-c6ddc7e6716a",
      "name": "Responsibility",
      "description": null
    },
    {
      "id": "7b50d148-671b-443f-a8ba-0115b5aa2715",
      "name": "Risk",
      "description": null
    },
    {
      "id": "6332ce11-30db-4482-ba43-680b4b8f2314",
      "name": "Sadness",
      "description": null
    },
    {
      "id": "dcb6f465-53de-4a34-8cdb-f6adc5369b56",
      "name": "Safety",
      "description": null
    },
    {
      "id": "4bc52cfe-1f79-418b-bf5b-0cc6946b9af8",
      "name": "Saving",
      "description": null
    },
    {
      "id": "80b2604e-b689-4739-b9a6-3f1c0166cfd7",
      "name": "Self-interest",
      "description": null
    },
    {
      "id": "238f71ed-042f-45d4-aab8-b7152415baff",
      "name": "Self-reliance",
      "description": null
    },
    {
      "id": "347dbc25-0a21-456b-ba2b-b70505752bdf",
      "name": "Silence",
      "description": null
    },
    {
      "id": "7c63bd7a-cdd3-4635-979d-567d05a81e14",
      "name": "Similarity",
      "description": null
    },
    {
      "id": "51e420ee-8470-4f8e-8492-0eedefb3730f",
      "name": "Size",
      "description": null
    },
    {
      "id": "7649c060-753a-4634-b1fc-2c5be9f860c8",
      "name": "Skill",
      "description": null
    },
    {
      "id": "5b5d7cff-c79a-4e4b-a39b-f4daa573268b",
      "name": "Strength",
      "description": null
    },
    {
      "id": "4d8ebf21-9fc6-4acf-96ae-32d766332d59",
      "name": "Stress",
      "description": null
    },
    {
      "id": "8665b30a-9764-42b1-8ca6-981966b29712",
      "name": "Success",
      "description": null
    },
    {
      "id": "86e4f4ff-c91d-4834-992b-c00a61611b81",
      "name": "Suffering",
      "description": null
    },
    {
      "id": "1383d7bd-082b-4ba1-82d7-48cc67cf92ed",
      "name": "Surprise",
      "description": null
    },
    {
      "id": "09d0d5c3-38fc-4116-bfff-327dc5bf3dd9",
      "name": "Teamwork",
      "description": null
    },
    {
      "id": "47c88efe-e6bc-4e70-a0de-a32cd24014ee",
      "name": "Time",
      "description": null
    },
    {
      "id": "1fd42fe8-12f7-4c9b-a9c5-6bc6ed0e0794",
      "name": "Timing",
      "description": null
    },
    {
      "id": "5f96b141-9bc0-4576-84f6-214264175f98",
      "name": "Understanding",
      "description": null
    },
    {
      "id": "6788d47d-d787-4b21-b666-628e94ccd81a",
      "name": "Unity",
      "description": null
    },
    {
      "id": "9bb092cf-7350-4b0e-94e3-def3db5633e3",
      "name": "Utility",
      "description": null
    },
    {
      "id": "3e6edb69-aa2a-47cd-a5c5-a7b5528f091d",
      "name": "Value",
      "description": null
    },
    {
      "id": "bdd9cb9c-3858-479a-bd6b-826d3b031f66",
      "name": "Values",
      "description": null
    },
    {
      "id": "ffd6c537-48a2-45bb-83b6-994abfae2e74",
      "name": "Wisdom",
      "description": null
    },
    {
      "id": "6b4dae0c-8f0b-490f-b7a8-5ca97a007027",
      "name": "Work",
      "description": null
    },
    {
      "id": "daa1b129-89bb-4d55-af7e-0dccf5a9ee14",
      "name": "dada",
      "description": null
    }
  ],
  "items": [
    {
      "id": "3e099dbf-c741-4fdc-87ae-28391ae1a5d8",
      "packageId": "e96c65c5-c774-4a2f-ad35-d9a4056681a6",
      "categoryIds": [
        "00467c13-f3ff-412d-9606-e4263c2bb26c",
        "9bb092cf-7350-4b0e-94e3-def3db5633e3",
        "b870d699-ac30-4b83-b1e9-968e3d82672c"
      ],
      "language1Data": {
        "languageCode": "hu-HU",
        "text": "Törött korsóból is lehet inni",
        "preItem": null,
        "postItem": null
      },
      "language2Data": {
        "languageCode": "en-GB",
        "text": "You can still drink from a broken jug",
        "preItem": null,
        "postItem": null
      },
      "examples": [],
      "isKnown": false,
      "isFavourite": false,
      "isImportant": false,
      "dontKnowCounter": 0,
      "lastReviewedAt": null
    },
    {
      "id": "73862a04-de79-4eb6-900f-f550eb241710",
      "packageId": "e96c65c5-c774-4a2f-ad35-d9a4056681a6",
      "categoryIds": [
        "017eb80c-f66e-4007-b977-5ebb76d24619",
        "be5d97ef-adf8-4edb-8755-881bfeb0aeb0",
        "f93d048e-fa78-4117-8cf8-990d1949fa14"
      ],
      "language1Data": {
        "languageCode": "hu-HU",
        "text": "Ami nem öl meg, az megerősít",
        "preItem": null,
        "postItem": null
      },
      "language2Data": {
        "languageCode": "en-GB",
        "text": "What doesn't kill you makes you stronger",
        "preItem": null,
        "postItem": null
      },
      "examples": [],
      "isKnown": false,
      "isFavourite": false,
      "isImportant": false,
      "dontKnowCounter": 0,
      "lastReviewedAt": null
    },
    {
      "id": "4615c9a9-f150-40ff-93f8-b0dd0683135a",
      "packageId": "e96c65c5-c774-4a2f-ad35-d9a4056681a6",
      "categoryIds": [
        "09d0d5c3-38fc-4116-bfff-327dc5bf3dd9",
        "5b5d7cff-c79a-4e4b-a39b-f4daa573268b",
        "6788d47d-d787-4b21-b666-628e94ccd81a",
        "daa1b129-89bb-4d55-af7e-0dccf5a9ee14"
      ],
      "language1Data": {
        "languageCode": "hu-HU",
        "text": "Sok lúd disznót győz",
        "preItem": null,
        "postItem": null
      },
      "language2Data": {
        "languageCode": "en-GB",
        "text": "Many geese can defeat a pig",
        "preItem": null,
        "postItem": null
      },
      "examples": [],
      "isKnown": false,
      "isFavourite": false,
      "isImportant": false,
      "dontKnowCounter": 0,
      "lastReviewedAt": null
    },
    {
      "id": "f4a5862b-4b61-40aa-b5b9-d6c87b718968",
      "packageId": "e96c65c5-c774-4a2f-ad35-d9a4056681a6",
      "categoryIds": [
        "0c04309c-e45c-4d24-a596-2a797457ef7a",
        "804e9b9b-1822-40a5-b89e-127c5734ad99",
        "cf49815e-b246-494a-ac36-58ff9094efda"
      ],
      "language1Data": {
        "languageCode": "hu-HU",
        "text": "Pénz beszél, kutya ugat",
        "preItem": null,
        "postItem": null
      },
      "language2Data": {
        "languageCode": "en-GB",
        "text": "Money talks, dogs bark",
        "preItem": null,
        "postItem": null
      },
      "examples": [],
      "isKnown": false,
      "isFavourite": false,
      "isImportant": false,
      "dontKnowCounter": 0,
      "lastReviewedAt": null
    },
    {
      "id": "a4ec1718-6b65-4671-b9bc-483d3219776d",
      "packageId": "e96c65c5-c774-4a2f-ad35-d9a4056681a6",
      "categoryIds": [
        "0fdab127-7227-495a-9680-43ae8a7fef2c",
        "8665b30a-9764-42b1-8ca6-981966b29712",
        "ffd6c537-48a2-45bb-83b6-994abfae2e74"
      ],
      "language1Data": {
        "languageCode": "hu-HU",
        "text": "Ki kicsit markol, sokat fog",
        "preItem": null,
        "postItem": null
      },
      "language2Data": {
        "languageCode": "en-GB",
        "text": "He who grasps little holds much",
        "preItem": null,
        "postItem": null
      },
      "examples": [],
      "isKnown": false,
      "isFavourite": false,
      "isImportant": false,
      "dontKnowCounter": 0,
      "lastReviewedAt": null
    },
    {
      "id": "6340535a-dbe7-4cd1-a96e-27b52b35671a",
      "packageId": "e96c65c5-c774-4a2f-ad35-d9a4056681a6",
      "categoryIds": [
        "1024ff3f-eb0f-46de-9f02-a2b03fde64ba",
        "4802daea-054a-40c8-87dd-66fef27ca739",
        "cba81768-583d-40df-a0aa-c989ff898d4f"
      ],
      "language1Data": {
        "languageCode": "hu-HU",
        "text": "A béka feneke alatt",
        "preItem": null,
        "postItem": null
      },
      "language2Data": {
        "languageCode": "en-GB",
        "text": "At the bottom of the frog",
        "preItem": null,
        "postItem": null
      },
      "examples": [],
      "isKnown": false,
      "isFavourite": false,
      "isImportant": false,
      "dontKnowCounter": 0,
      "lastReviewedAt": null
    },
    {
      "id": "77496cd8-acf1-4d23-89a3-a004a7606a61",
      "packageId": "e96c65c5-c774-4a2f-ad35-d9a4056681a6",
      "categoryIds": [
        "108f4517-0eed-407f-b8df-dcda36e9cc49",
        "e283c030-04de-4d36-a782-038d4adfe22b",
        "f49a3942-2e3e-42dc-9480-782f848696e7"
      ],
      "language1Data": {
        "languageCode": "hu-HU",
        "text": "A rossz hír gyorsan terjed",
        "preItem": null,
        "postItem": null
      },
      "language2Data": {
        "languageCode": "en-GB",
        "text": "Bad news travels fast",
        "preItem": null,
        "postItem": null
      },
      "examples": [],
      "isKnown": false,
      "isFavourite": false,
      "isImportant": false,
      "dontKnowCounter": 0,
      "lastReviewedAt": null
    },
    {
      "id": "0bfadce1-4ec6-49ce-8f14-ca747439fc5d",
      "packageId": "e96c65c5-c774-4a2f-ad35-d9a4056681a6",
      "categoryIds": [
        "1383d7bd-082b-4ba1-82d7-48cc67cf92ed",
        "347dbc25-0a21-456b-ba2b-b70505752bdf",
        "5ad92ea5-bf00-4cbf-bc9d-6b62104fbd77"
      ],
      "language1Data": {
        "languageCode": "hu-HU",
        "text": "Becsukta a száját",
        "preItem": null,
        "postItem": null
      },
      "language2Data": {
        "languageCode": "en-GB",
        "text": "Shut their mouth",
        "preItem": null,
        "postItem": null
      },
      "examples": [],
      "isKnown": false,
      "isFavourite": false,
      "isImportant": false,
      "dontKnowCounter": 0,
      "lastReviewedAt": null
    },
    {
      "id": "957a9b0e-08ec-4729-8ebf-83dd71d25dc8",
      "packageId": "e96c65c5-c774-4a2f-ad35-d9a4056681a6",
      "categoryIds": [
        "18f48c5f-2e05-4219-aa7d-8f200cd4b8bc",
        "1f5676c5-7c1b-42a2-a975-af4a4c0e65e1",
        "2f919d37-79be-42af-9117-28bade5dae7f"
      ],
      "language1Data": {
        "languageCode": "hu-HU",
        "text": "Egyszer volt Budán kutyavásár",
        "preItem": null,
        "postItem": null
      },
      "language2Data": {
        "languageCode": "en-GB",
        "text": "Once upon a time there was a dog market in Buda",
        "preItem": null,
        "postItem": null
      },
      "examples": [],
      "isKnown": false,
      "isFavourite": false,
      "isImportant": false,
      "dontKnowCounter": 0,
      "lastReviewedAt": null
    },
    {
      "id": "4f36e48e-a645-41bf-93e0-d88f47dcf901",
      "packageId": "e96c65c5-c774-4a2f-ad35-d9a4056681a6",
      "categoryIds": [
        "1d53c9dd-c5ba-4789-82ce-e1b798b750ea",
        "51e420ee-8470-4f8e-8492-0eedefb3730f",
        "5b5d7cff-c79a-4e4b-a39b-f4daa573268b"
      ],
      "language1Data": {
        "languageCode": "hu-HU",
        "text": "Kicsi a bors, de erős",
        "preItem": null,
        "postItem": null
      },
      "language2Data": {
        "languageCode": "en-GB",
        "text": "Pepper is small but strong",
        "preItem": null,
        "postItem": null
      },
      "examples": [],
      "isKnown": false,
      "isFavourite": false,
      "isImportant": false,
      "dontKnowCounter": 0,
      "lastReviewedAt": null
    },
    {
      "id": "5e1aafca-b2ea-4471-9394-8b151e26dc42",
      "packageId": "e96c65c5-c774-4a2f-ad35-d9a4056681a6",
      "categoryIds": [
        "1d53c9dd-c5ba-4789-82ce-e1b798b750ea",
        "7a0f3546-0d8e-4ffe-991a-05dd6d6c9d36",
        "ffd6c537-48a2-45bb-83b6-994abfae2e74"
      ],
      "language1Data": {
        "languageCode": "hu-HU",
        "text": "Nem mind arany, ami fénylik",
        "preItem": null,
        "postItem": null
      },
      "language2Data": {
        "languageCode": "en-GB",
        "text": "All that glitters is not gold",
        "preItem": null,
        "postItem": null
      },
      "examples": [],
      "isKnown": false,
      "isFavourite": false,
      "isImportant": false,
      "dontKnowCounter": 0,
      "lastReviewedAt": null
    },
    {
      "id": "150a9607-9c91-455e-88f5-9d0f5d1e9cde",
      "packageId": "e96c65c5-c774-4a2f-ad35-d9a4056681a6",
      "categoryIds": [
        "1fd42fe8-12f7-4c9b-a9c5-6bc6ed0e0794",
        "aeb12197-99cb-4ada-a077-ccb7cc824440",
        "b8821e04-3906-444c-b561-5932c278ab47"
      ],
      "language1Data": {
        "languageCode": "hu-HU",
        "text": "Addig üsd a vasat, amíg meleg",
        "preItem": null,
        "postItem": null
      },
      "language2Data": {
        "languageCode": "en-GB",
        "text": "Strike while the iron is hot",
        "preItem": null,
        "postItem": null
      },
      "examples": [],
      "isKnown": false,
      "isFavourite": false,
      "isImportant": false,
      "dontKnowCounter": 0,
      "lastReviewedAt": null
    },
    {
      "id": "e9feb1f3-6b8a-40f6-9cbe-441a0a72158d",
      "packageId": "e96c65c5-c774-4a2f-ad35-d9a4056681a6",
      "categoryIds": [
        "238f71ed-042f-45d4-aab8-b7152415baff",
        "305761ca-2b9c-4c48-87cc-0114b1134164",
        "b8821e04-3906-444c-b561-5932c278ab47"
      ],
      "language1Data": {
        "languageCode": "hu-HU",
        "text": "Segíts magadon, az Isten is megsegít",
        "preItem": null,
        "postItem": null
      },
      "language2Data": {
        "languageCode": "en-GB",
        "text": "God helps those who help themselves",
        "preItem": null,
        "postItem": null
      },
      "examples": [],
      "isKnown": false,
      "isFavourite": false,
      "isImportant": false,
      "dontKnowCounter": 0,
      "lastReviewedAt": null
    },
    {
      "id": "595be1bb-83f9-413f-956d-1567f0cc5717",
      "packageId": "e96c65c5-c774-4a2f-ad35-d9a4056681a6",
      "categoryIds": [
        "24e7d19e-7044-4d28-8041-b761d1c84b5a",
        "68458945-9f4e-4117-a6d4-9eb0e4899d8b",
        "7b50d148-671b-443f-a8ba-0115b5aa2715"
      ],
      "language1Data": {
        "languageCode": "hu-HU",
        "text": "Addig jár a korsó a kútra, amíg el nem törik",
        "preItem": null,
        "postItem": null
      },
      "language2Data": {
        "languageCode": "en-GB",
        "text": "The jug goes to the well until it breaks",
        "preItem": null,
        "postItem": null
      },
      "examples": [],
      "isKnown": false,
      "isFavourite": false,
      "isImportant": false,
      "dontKnowCounter": 0,
      "lastReviewedAt": null
    },
    {
      "id": "df09424d-4266-4165-bb67-ce411d55b05c",
      "packageId": "e96c65c5-c774-4a2f-ad35-d9a4056681a6",
      "categoryIds": [
        "2530c5c8-67cf-42e9-8aa8-85a66a1254d5",
        "347dbc25-0a21-456b-ba2b-b70505752bdf",
        "a43efa9a-8f5f-4720-bb9d-d2903e4e820c"
      ],
      "language1Data": {
        "languageCode": "hu-HU",
        "text": "Kiabálni sem mer",
        "preItem": null,
        "postItem": null
      },
      "language2Data": {
        "languageCode": "en-GB",
        "text": "Doesn't even dare to shout",
        "preItem": null,
        "postItem": null
      },
      "examples": [],
      "isKnown": false,
      "isFavourite": false,
      "isImportant": false,
      "dontKnowCounter": 0,
      "lastReviewedAt": null
    },
    {
      "id": "5a35f5a3-50d4-4074-a2c8-c6266c5e7e1e",
      "packageId": "e96c65c5-c774-4a2f-ad35-d9a4056681a6",
      "categoryIds": [
        "256a3d07-726a-4733-b071-c6ddc7e6716a",
        "412a9127-c54a-4818-a426-bd323b67ea6d",
        "68458945-9f4e-4117-a6d4-9eb0e4899d8b"
      ],
      "language1Data": {
        "languageCode": "hu-HU",
        "text": "Ki mint veti ágyát, úgy alussza álmát",
        "preItem": null,
        "postItem": null
      },
      "language2Data": {
        "languageCode": "en-GB",
        "text": "As you make your bed, so you must lie in it",
        "preItem": null,
        "postItem": null
      },
      "examples": [],
      "isKnown": false,
      "isFavourite": false,
      "isImportant": false,
      "dontKnowCounter": 0,
      "lastReviewedAt": null
    },
    {
      "id": "ecd0ab40-6c26-48f3-ace8-b1f8c9b1e347",
      "packageId": "e96c65c5-c774-4a2f-ad35-d9a4056681a6",
      "categoryIds": [
        "263734f0-df15-4fcb-b968-09bb77df6721",
        "62493667-618c-4a4d-b4b5-948869be44e9",
        "b3e5e12b-a4cf-478f-8496-59f181d23db4"
      ],
      "language1Data": {
        "languageCode": "hu-HU",
        "text": "Ahány ház, annyi szokás",
        "preItem": null,
        "postItem": null
      },
      "language2Data": {
        "languageCode": "en-GB",
        "text": "Every house has its customs",
        "preItem": null,
        "postItem": null
      },
      "examples": [],
      "isKnown": false,
      "isFavourite": false,
      "isImportant": false,
      "dontKnowCounter": 0,
      "lastReviewedAt": null
    },
    {
      "id": "bb8a43e0-152f-4ae9-bf71-5fa615c875e1",
      "packageId": "e96c65c5-c774-4a2f-ad35-d9a4056681a6",
      "categoryIds": [
        "263734f0-df15-4fcb-b968-09bb77df6721",
        "a0e7f35a-d5b0-487f-b866-04cdb7b4d326",
        "c000ede0-6486-4c67-b3fb-c793ed6a0ac7"
      ],
      "language1Data": {
        "languageCode": "hu-HU",
        "text": "Egyszer süt a nap, másszor esik",
        "preItem": null,
        "postItem": null
      },
      "language2Data": {
        "languageCode": "en-GB",
        "text": "Sometimes the sun shines, sometimes it rains",
        "preItem": null,
        "postItem": null
      },
      "examples": [],
      "isKnown": false,
      "isFavourite": false,
      "isImportant": false,
      "dontKnowCounter": 0,
      "lastReviewedAt": null
    },
    {
      "id": "d574bdd3-3d34-4d9d-9aff-33be8bc80112",
      "packageId": "e96c65c5-c774-4a2f-ad35-d9a4056681a6",
      "categoryIds": [
        "26f12f3b-03a5-4652-b211-c0fa2c68cb3a",
        "ded31b44-d550-41ca-a7d4-68c971774c42",
        "fc678db9-50bc-4802-ad94-e9e9c2ae3af8"
      ],
      "language1Data": {
        "languageCode": "hu-HU",
        "text": "Kenyere nincs abban",
        "preItem": null,
        "postItem": null
      },
      "language2Data": {
        "languageCode": "en-GB",
        "text": "Has no bread in it",
        "preItem": null,
        "postItem": null
      },
      "examples": [],
      "isKnown": false,
      "isFavourite": false,
      "isImportant": false,
      "dontKnowCounter": 0,
      "lastReviewedAt": null
    },
    {
      "id": "758937e0-2f32-45be-8174-76ecdc7c705e",
      "packageId": "e96c65c5-c774-4a2f-ad35-d9a4056681a6",
      "categoryIds": [
        "298ef37b-b676-4fb4-82e7-aba64e1c5f9e",
        "90214426-e091-490a-b0b5-f513bf09385d",
        "c8266c67-08be-4f36-bb9b-ffaa0ff96db9"
      ],
      "language1Data": {
        "languageCode": "hu-HU",
        "text": "Egy fecske nem csinál nyarat",
        "preItem": null,
        "postItem": null
      },
      "language2Data": {
        "languageCode": "en-GB",
        "text": "One swallow doesn't make a summer",
        "preItem": null,
        "postItem": null
      },
      "examples": [],
      "isKnown": false,
      "isFavourite": false,
      "isImportant": false,
      "dontKnowCounter": 0,
      "lastReviewedAt": null
    },
    {
      "id": "fae32815-09e2-4254-8029-f48baf743812",
      "packageId": "e96c65c5-c774-4a2f-ad35-d9a4056681a6",
      "categoryIds": [
        "3448c626-bbca-4791-acc4-9c959372288d",
        "a0e7f35a-d5b0-487f-b866-04cdb7b4d326",
        "b0d95771-ae00-4bdd-80b4-631fbc3a2ece"
      ],
      "language1Data": {
        "languageCode": "hu-HU",
        "text": "Nincs rózsa tövis nélkül",
        "preItem": null,
        "postItem": null
      },
      "language2Data": {
        "languageCode": "en-GB",
        "text": "There's no rose without thorns",
        "preItem": null,
        "postItem": null
      },
      "examples": [],
      "isKnown": false,
      "isFavourite": false,
      "isImportant": false,
      "dontKnowCounter": 0,
      "lastReviewedAt": null
    },
    {
      "id": "41ebe3bc-c538-4e0e-abf7-1c71ab7a5dbc",
      "packageId": "e96c65c5-c774-4a2f-ad35-d9a4056681a6",
      "categoryIds": [
        "36585885-52e0-4b2c-8697-d91a0130a02e",
        "827f1531-ea29-481e-9d18-89da7f015d15",
        "da1119b7-380c-4132-bb1f-e7c9a0625d8b",
        "fb387d13-5baf-476f-bb63-e92bb0c5fd4c"
      ],
      "language1Data": {
        "languageCode": "hu-HU",
        "text": "Ami a szíveden, az a szádon",
        "preItem": null,
        "postItem": null
      },
      "language2Data": {
        "languageCode": "en-GB",
        "text": "What's in your heart is on your tongue",
        "preItem": null,
        "postItem": null
      },
      "examples": [],
      "isKnown": false,
      "isFavourite": false,
      "isImportant": false,
      "dontKnowCounter": 0,
      "lastReviewedAt": null
    },
    {
      "id": "7a574fe7-05e2-4d15-8059-ea7014e91a15",
      "packageId": "e96c65c5-c774-4a2f-ad35-d9a4056681a6",
      "categoryIds": [
        "380725c5-c6df-4ec9-8d74-e6b6f8c5b21a",
        "7649c060-753a-4634-b1fc-2c5be9f860c8",
        "7c43b695-f502-4871-955a-759129aa125c"
      ],
      "language1Data": {
        "languageCode": "hu-HU",
        "text": "Úgy érzi magát, mint hal a vízben",
        "preItem": null,
        "postItem": null
      },
      "language2Data": {
        "languageCode": "en-GB",
        "text": "Feels like a fish in water",
        "preItem": null,
        "postItem": null
      },
      "examples": [],
      "isKnown": false,
      "isFavourite": false,
      "isImportant": false,
      "dontKnowCounter": 0,
      "lastReviewedAt": null
    },
    {
      "id": "a597a5a5-47b7-47ca-86db-071267700364",
      "packageId": "e96c65c5-c774-4a2f-ad35-d9a4056681a6",
      "categoryIds": [
        "3e6edb69-aa2a-47cd-a5c5-a7b5528f091d",
        "47c88efe-e6bc-4e70-a0de-a32cd24014ee",
        "b2508b69-262a-4736-bbda-d4b21c77c8e0"
      ],
      "language1Data": {
        "languageCode": "hu-HU",
        "text": "Az idő pénz",
        "preItem": null,
        "postItem": null
      },
      "language2Data": {
        "languageCode": "en-GB",
        "text": "Time is money",
        "preItem": null,
        "postItem": null
      },
      "examples": [],
      "isKnown": false,
      "isFavourite": false,
      "isImportant": false,
      "dontKnowCounter": 0,
      "lastReviewedAt": null
    },
    {
      "id": "646fd0db-4efe-4761-9ca7-549f570ef52b",
      "packageId": "e96c65c5-c774-4a2f-ad35-d9a4056681a6",
      "categoryIds": [
        "3eaf5cba-2a91-4fa1-83b9-76505e7131f4",
        "76dd1c08-a7ff-422b-a66a-9a8bfbb06c07",
        "c9005253-3e7a-4668-b3a0-761b7becf6a0"
      ],
      "language1Data": {
        "languageCode": "hu-HU",
        "text": "Madarat tolláról, embert barátjáról",
        "preItem": null,
        "postItem": null
      },
      "language2Data": {
        "languageCode": "en-GB",
        "text": "A bird is known by its feathers, a person by their friends",
        "preItem": null,
        "postItem": null
      },
      "examples": [],
      "isKnown": false,
      "isFavourite": false,
      "isImportant": false,
      "dontKnowCounter": 0,
      "lastReviewedAt": null
    },
    {
      "id": "f7479d04-3a1a-42f7-a40c-77154b9290c4",
      "packageId": "e96c65c5-c774-4a2f-ad35-d9a4056681a6",
      "categoryIds": [
        "3eaf5cba-2a91-4fa1-83b9-76505e7131f4",
        "4341aa27-c37b-4569-ac26-450ecaa04924",
        "bc7c77a1-acda-4e8d-9465-ba3d25cd859f"
      ],
      "language1Data": {
        "languageCode": "hu-HU",
        "text": "Más szemében a szálkát is meglátja",
        "preItem": null,
        "postItem": null
      },
      "language2Data": {
        "languageCode": "en-GB",
        "text": "Sees even a splinter in another's eye",
        "preItem": null,
        "postItem": null
      },
      "examples": [],
      "isKnown": false,
      "isFavourite": false,
      "isImportant": false,
      "dontKnowCounter": 0,
      "lastReviewedAt": null
    },
    {
      "id": "ca410df5-0441-45c2-9c3e-161897f14ae7",
      "packageId": "e96c65c5-c774-4a2f-ad35-d9a4056681a6",
      "categoryIds": [
        "4259f170-5d1a-4daf-b9ff-de833535748f",
        "7c63bd7a-cdd3-4635-979d-567d05a81e14",
        "fe3f5480-e775-4246-9bb1-30234405ee35"
      ],
      "language1Data": {
        "languageCode": "hu-HU",
        "text": "Az alma nem esik messze a fájától",
        "preItem": null,
        "postItem": null
      },
      "language2Data": {
        "languageCode": "en-GB",
        "text": "The apple doesn't fall far from the tree",
        "preItem": null,
        "postItem": null
      },
      "examples": [],
      "isKnown": false,
      "isFavourite": false,
      "isImportant": false,
      "dontKnowCounter": 0,
      "lastReviewedAt": null
    },
    {
      "id": "3d72a42d-4ed1-4dc4-9bf4-a50b93f1591c",
      "packageId": "e96c65c5-c774-4a2f-ad35-d9a4056681a6",
      "categoryIds": [
        "4259f170-5d1a-4daf-b9ff-de833535748f",
        "6827c831-edb9-4c46-b3f6-72204067fc28",
        "76dd1c08-a7ff-422b-a66a-9a8bfbb06c07"
      ],
      "language1Data": {
        "languageCode": "hu-HU",
        "text": "Nem esik messze az alma a fájától",
        "preItem": null,
        "postItem": null
      },
      "language2Data": {
        "languageCode": "en-GB",
        "text": "The apple doesn't fall far from the tree",
        "preItem": null,
        "postItem": null
      },
      "examples": [],
      "isKnown": false,
      "isFavourite": false,
      "isImportant": false,
      "dontKnowCounter": 0,
      "lastReviewedAt": null
    },
    {
      "id": "ba94511f-ddb7-4c5c-9b00-fae236d9f0bb",
      "packageId": "e96c65c5-c774-4a2f-ad35-d9a4056681a6",
      "categoryIds": [
        "441da68b-50a9-41f8-b6ed-a75e376f7668",
        "46676dbd-5380-4ef8-93cf-5d685dc52e8f",
        "7a0f3546-0d8e-4ffe-991a-05dd6d6c9d36"
      ],
      "language1Data": {
        "languageCode": "hu-HU",
        "text": "Két malomban őrlök",
        "preItem": null,
        "postItem": null
      },
      "language2Data": {
        "languageCode": "en-GB",
        "text": "I grind at two mills",
        "preItem": null,
        "postItem": null
      },
      "examples": [],
      "isKnown": false,
      "isFavourite": false,
      "isImportant": false,
      "dontKnowCounter": 0,
      "lastReviewedAt": null
    },
    {
      "id": "66ba2bf0-3f6b-426d-9ae6-323c4cd2ef58",
      "packageId": "e96c65c5-c774-4a2f-ad35-d9a4056681a6",
      "categoryIds": [
        "47c88efe-e6bc-4e70-a0de-a32cd24014ee",
        "aeb12197-99cb-4ada-a077-ccb7cc824440",
        "b8821e04-3906-444c-b561-5932c278ab47"
      ],
      "language1Data": {
        "languageCode": "hu-HU",
        "text": "Jobb későn, mint soha",
        "preItem": null,
        "postItem": null
      },
      "language2Data": {
        "languageCode": "en-GB",
        "text": "Better late than never",
        "preItem": null,
        "postItem": null
      },
      "examples": [],
      "isKnown": false,
      "isFavourite": false,
      "isImportant": false,
      "dontKnowCounter": 0,
      "lastReviewedAt": null
    },
    {
      "id": "619a0f2c-5fa8-4c13-81e7-08a2eb1ce335",
      "packageId": "e96c65c5-c774-4a2f-ad35-d9a4056681a6",
      "categoryIds": [
        "47c88efe-e6bc-4e70-a0de-a32cd24014ee",
        "8665b30a-9764-42b1-8ca6-981966b29712",
        "d9143e89-ece0-483b-85f0-01be0958a844"
      ],
      "language1Data": {
        "languageCode": "hu-HU",
        "text": "Aki korán kel, aranyat lel",
        "preItem": null,
        "postItem": null
      },
      "language2Data": {
        "languageCode": "en-GB",
        "text": "The early bird catches the worm",
        "preItem": null,
        "postItem": null
      },
      "examples": [],
      "isKnown": false,
      "isFavourite": false,
      "isImportant": false,
      "dontKnowCounter": 0,
      "lastReviewedAt": null
    },
    {
      "id": "f5d42fc7-1de8-477c-87ef-c9bb2bd410e3",
      "packageId": "e96c65c5-c774-4a2f-ad35-d9a4056681a6",
      "categoryIds": [
        "47c88efe-e6bc-4e70-a0de-a32cd24014ee",
        "b8821e04-3906-444c-b561-5932c278ab47",
        "d0a953bf-f978-4719-93a6-d5aec86f9272"
      ],
      "language1Data": {
        "languageCode": "hu-HU",
        "text": "Amit ma megtehetsz, ne halaszd holnapra",
        "preItem": null,
        "postItem": null
      },
      "language2Data": {
        "languageCode": "en-GB",
        "text": "Don't put off until tomorrow what you can do today",
        "preItem": null,
        "postItem": null
      },
      "examples": [],
      "isKnown": false,
      "isFavourite": false,
      "isImportant": false,
      "dontKnowCounter": 0,
      "lastReviewedAt": null
    },
    {
      "id": "e84cf4ec-f6ae-4351-9c91-653f330d724e",
      "packageId": "e96c65c5-c774-4a2f-ad35-d9a4056681a6",
      "categoryIds": [
        "4bc52cfe-1f79-418b-bf5b-0cc6946b9af8",
        "6ed1f4c8-9dd4-451c-9242-65b6bbb5f94e",
        "9fd64144-3604-446d-b6d7-e866cde8bbd0"
      ],
      "language1Data": {
        "languageCode": "hu-HU",
        "text": "Sok kicsi sokra megy",
        "preItem": null,
        "postItem": null
      },
      "language2Data": {
        "languageCode": "en-GB",
        "text": "Many small things add up to much",
        "preItem": null,
        "postItem": null
      },
      "examples": [],
      "isKnown": false,
      "isFavourite": false,
      "isImportant": false,
      "dontKnowCounter": 0,
      "lastReviewedAt": null
    },
    {
      "id": "deb5b4f2-bf8e-437d-b265-fa97977450a1",
      "packageId": "e96c65c5-c774-4a2f-ad35-d9a4056681a6",
      "categoryIds": [
        "4d8ebf21-9fc6-4acf-96ae-32d766332d59",
        "827f1531-ea29-481e-9d18-89da7f015d15",
        "85d66b04-a7d0-42be-a11a-f003427158fc"
      ],
      "language1Data": {
        "languageCode": "hu-HU",
        "text": "Felmegy a vérnyomása",
        "preItem": null,
        "postItem": null
      },
      "language2Data": {
        "languageCode": "en-GB",
        "text": "Their blood pressure goes up",
        "preItem": null,
        "postItem": null
      },
      "examples": [],
      "isKnown": false,
      "isFavourite": false,
      "isImportant": false,
      "dontKnowCounter": 0,
      "lastReviewedAt": null
    },
    {
      "id": "13b2c793-6846-4e0a-873b-abe6b99ca933",
      "packageId": "e96c65c5-c774-4a2f-ad35-d9a4056681a6",
      "categoryIds": [
        "503f40ae-fb10-48af-b540-44d533bc2cc7",
        "f49a3942-2e3e-42dc-9480-782f848696e7",
        "ffd6c537-48a2-45bb-83b6-994abfae2e74"
      ],
      "language1Data": {
        "languageCode": "hu-HU",
        "text": "Hallgatni arany",
        "preItem": null,
        "postItem": null
      },
      "language2Data": {
        "languageCode": "en-GB",
        "text": "Silence is golden",
        "preItem": null,
        "postItem": null
      },
      "examples": [],
      "isKnown": false,
      "isFavourite": false,
      "isImportant": false,
      "dontKnowCounter": 0,
      "lastReviewedAt": null
    },
    {
      "id": "950590a2-aa15-4c45-8e3c-91d41bee7ad1",
      "packageId": "e96c65c5-c774-4a2f-ad35-d9a4056681a6",
      "categoryIds": [
        "52d4a6c3-e788-4588-ae9c-af3bb4210fec",
        "ad886c6b-3f15-4565-8778-fcd7c2c9b3d9",
        "c7c12f8b-543b-495a-bc2b-a1d7c0ad9696"
      ],
      "language1Data": {
        "languageCode": "hu-HU",
        "text": "Érte nem ég le a hajam",
        "preItem": null,
        "postItem": null
      },
      "language2Data": {
        "languageCode": "en-GB",
        "text": "My hair won't catch fire over it",
        "preItem": null,
        "postItem": null
      },
      "examples": [],
      "isKnown": false,
      "isFavourite": false,
      "isImportant": false,
      "dontKnowCounter": 0,
      "lastReviewedAt": null
    },
    {
      "id": "f015ec73-0c0b-4493-b0b6-ea43cb1bca6a",
      "packageId": "e96c65c5-c774-4a2f-ad35-d9a4056681a6",
      "categoryIds": [
        "557e5c62-64bf-4481-a766-af69e6a27cc7",
        "71d59c5a-4505-4b51-8b03-f7ec2e6680ce",
        "80b2604e-b689-4739-b9a6-3f1c0166cfd7"
      ],
      "language1Data": {
        "languageCode": "hu-HU",
        "text": "Minden szentnek maga felé hajlik a keze",
        "preItem": null,
        "postItem": null
      },
      "language2Data": {
        "languageCode": "en-GB",
        "text": "Every saint's hand bends toward themselves",
        "preItem": null,
        "postItem": null
      },
      "examples": [],
      "isKnown": false,
      "isFavourite": false,
      "isImportant": false,
      "dontKnowCounter": 0,
      "lastReviewedAt": null
    },
    {
      "id": "308c3f2b-2a25-4306-ab4a-65163e666d19",
      "packageId": "e96c65c5-c774-4a2f-ad35-d9a4056681a6",
      "categoryIds": [
        "59db77ce-3fde-47a5-8626-01cb95890e96",
        "6b4dae0c-8f0b-490f-b7a8-5ca97a007027",
        "c8266c67-08be-4f36-bb9b-ffaa0ff96db9"
      ],
      "language1Data": {
        "languageCode": "hu-HU",
        "text": "A sült galamb nem repül a szádba",
        "preItem": null,
        "postItem": null
      },
      "language2Data": {
        "languageCode": "en-GB",
        "text": "Roasted pigeons don't fly into your mouth",
        "preItem": null,
        "postItem": null
      },
      "examples": [],
      "isKnown": false,
      "isFavourite": false,
      "isImportant": false,
      "dontKnowCounter": 0,
      "lastReviewedAt": null
    },
    {
      "id": "c2c7b7d1-37c4-4bd5-8035-ee9c6325e4f8",
      "packageId": "e96c65c5-c774-4a2f-ad35-d9a4056681a6",
      "categoryIds": [
        "5d1f57ef-3497-4eed-87ad-cf1608938fe7",
        "634ba31a-48b5-426b-83c9-dbb90a3887e6",
        "bdd9cb9c-3858-479a-bd6b-826d3b031f66"
      ],
      "language1Data": {
        "languageCode": "hu-HU",
        "text": "A szegénység nem szégyen",
        "preItem": null,
        "postItem": null
      },
      "language2Data": {
        "languageCode": "en-GB",
        "text": "Poverty is not a shame",
        "preItem": null,
        "postItem": null
      },
      "examples": [],
      "isKnown": false,
      "isFavourite": false,
      "isImportant": false,
      "dontKnowCounter": 0,
      "lastReviewedAt": null
    },
    {
      "id": "4d4911db-7625-4e78-b0a8-54f709294f8c",
      "packageId": "e96c65c5-c774-4a2f-ad35-d9a4056681a6",
      "categoryIds": [
        "5f96b141-9bc0-4576-84f6-214264175f98",
        "86e4f4ff-c91d-4834-992b-c00a61611b81",
        "df8d01d6-7e1e-4c2c-9e97-aeca8fc73dd9"
      ],
      "language1Data": {
        "languageCode": "hu-HU",
        "text": "Könnyen beszél, akinek nem fáj a foga",
        "preItem": null,
        "postItem": null
      },
      "language2Data": {
        "languageCode": "en-GB",
        "text": "Easy to talk when your tooth doesn't hurt",
        "preItem": null,
        "postItem": null
      },
      "examples": [],
      "isKnown": false,
      "isFavourite": false,
      "isImportant": false,
      "dontKnowCounter": 0,
      "lastReviewedAt": null
    },
    {
      "id": "21d89d82-305f-42db-b08f-cfdeb1d88b17",
      "packageId": "e96c65c5-c774-4a2f-ad35-d9a4056681a6",
      "categoryIds": [
        "6067a0ce-cd79-4dd5-a5d8-dbe1bf828e04",
        "90214426-e091-490a-b0b5-f513bf09385d",
        "ffd6c537-48a2-45bb-83b6-994abfae2e74"
      ],
      "language1Data": {
        "languageCode": "hu-HU",
        "text": "Lassan járj, tovább érsz",
        "preItem": null,
        "postItem": null
      },
      "language2Data": {
        "languageCode": "en-GB",
        "text": "Go slowly, you'll get further",
        "preItem": null,
        "postItem": null
      },
      "examples": [],
      "isKnown": false,
      "isFavourite": false,
      "isImportant": false,
      "dontKnowCounter": 0,
      "lastReviewedAt": null
    },
    {
      "id": "2557d4a3-9f8c-45f0-8953-e47441eff5e8",
      "packageId": "e96c65c5-c774-4a2f-ad35-d9a4056681a6",
      "categoryIds": [
        "6332ce11-30db-4482-ba43-680b4b8f2314",
        "84040b68-a7a9-479e-ba8c-fd2f36d5bce1",
        "cba81768-583d-40df-a0aa-c989ff898d4f"
      ],
      "language1Data": {
        "languageCode": "hu-HU",
        "text": "Lóg az orra",
        "preItem": null,
        "postItem": null
      },
      "language2Data": {
        "languageCode": "en-GB",
        "text": "Their nose is hanging",
        "preItem": null,
        "postItem": null
      },
      "examples": [],
      "isKnown": false,
      "isFavourite": false,
      "isImportant": false,
      "dontKnowCounter": 0,
      "lastReviewedAt": null
    },
    {
      "id": "1a33ad82-1840-43eb-8c95-25c2dc5d2592",
      "packageId": "e96c65c5-c774-4a2f-ad35-d9a4056681a6",
      "categoryIds": [
        "68458945-9f4e-4117-a6d4-9eb0e4899d8b",
        "76749d4e-a963-44ca-8fdf-afe84b1be387",
        "ffd6c537-48a2-45bb-83b6-994abfae2e74"
      ],
      "language1Data": {
        "languageCode": "hu-HU",
        "text": "Aki másnak vermet ás, maga esik bele",
        "preItem": null,
        "postItem": null
      },
      "language2Data": {
        "languageCode": "en-GB",
        "text": "He who digs a pit for others falls into it himself",
        "preItem": null,
        "postItem": null
      },
      "examples": [],
      "isKnown": false,
      "isFavourite": false,
      "isImportant": false,
      "dontKnowCounter": 0,
      "lastReviewedAt": null
    },
    {
      "id": "a40c7215-ec8c-4b64-ac13-2fa7ded2ee4d",
      "packageId": "e96c65c5-c774-4a2f-ad35-d9a4056681a6",
      "categoryIds": [
        "68458945-9f4e-4117-a6d4-9eb0e4899d8b",
        "76749d4e-a963-44ca-8fdf-afe84b1be387",
        "90a4f5e2-f148-40b6-9811-038e63dccc3a"
      ],
      "language1Data": {
        "languageCode": "hu-HU",
        "text": "Ki mint vet, úgy arat",
        "preItem": null,
        "postItem": null
      },
      "language2Data": {
        "languageCode": "en-GB",
        "text": "As you sow, so shall you reap",
        "preItem": null,
        "postItem": null
      },
      "examples": [],
      "isKnown": false,
      "isFavourite": false,
      "isImportant": false,
      "dontKnowCounter": 0,
      "lastReviewedAt": null
    },
    {
      "id": "96493023-3e65-4a37-a828-37311d6abe2d",
      "packageId": "e96c65c5-c774-4a2f-ad35-d9a4056681a6",
      "categoryIds": [
        "6e8c71bc-e228-40fe-93ab-2437482ad76f",
        "9bd99ccf-c044-4a6a-b6cb-bdc3448ce374",
        "c8266c67-08be-4f36-bb9b-ffaa0ff96db9"
      ],
      "language1Data": {
        "languageCode": "hu-HU",
        "text": "Nem lehet egyszerre két helyen lenni",
        "preItem": null,
        "postItem": null
      },
      "language2Data": {
        "languageCode": "en-GB",
        "text": "You can't be in two places at once",
        "preItem": null,
        "postItem": null
      },
      "examples": [],
      "isKnown": false,
      "isFavourite": false,
      "isImportant": false,
      "dontKnowCounter": 0,
      "lastReviewedAt": null
    },
    {
      "id": "a12ff83c-0a8a-49b4-aecb-d5c605e402b5",
      "packageId": "e96c65c5-c774-4a2f-ad35-d9a4056681a6",
      "categoryIds": [
        "6ed1f4c8-9dd4-451c-9242-65b6bbb5f94e",
        "bc7c77a1-acda-4e8d-9465-ba3d25cd859f",
        "bd44bd16-9532-4c10-88f3-030626557eed"
      ],
      "language1Data": {
        "languageCode": "hu-HU",
        "text": "A kutya ugat, a karaván halad",
        "preItem": null,
        "postItem": null
      },
      "language2Data": {
        "languageCode": "en-GB",
        "text": "The dog barks, but the caravan moves on",
        "preItem": null,
        "postItem": null
      },
      "examples": [],
      "isKnown": false,
      "isFavourite": false,
      "isImportant": false,
      "dontKnowCounter": 0,
      "lastReviewedAt": null
    },
    {
      "id": "f5667bcf-f512-43d0-be17-38770c514ef0",
      "packageId": "e96c65c5-c774-4a2f-ad35-d9a4056681a6",
      "categoryIds": [
        "843de4ce-7163-4940-91b9-01cc030a7940",
        "aeb12197-99cb-4ada-a077-ccb7cc824440",
        "b3508355-b977-4066-aeb7-06d3fbc216a0"
      ],
      "language1Data": {
        "languageCode": "hu-HU",
        "text": "Jobb ma egy veréb, mint holnap egy túzok",
        "preItem": null,
        "postItem": null
      },
      "language2Data": {
        "languageCode": "en-GB",
        "text": "Better a sparrow today than a bustard tomorrow",
        "preItem": null,
        "postItem": null
      },
      "examples": [],
      "isKnown": false,
      "isFavourite": false,
      "isImportant": false,
      "dontKnowCounter": 0,
      "lastReviewedAt": null
    },
    {
      "id": "58dcba95-65e3-4f71-b698-31dcb112c221",
      "packageId": "e96c65c5-c774-4a2f-ad35-d9a4056681a6",
      "categoryIds": [
        "8f3b8f4e-7868-4435-b23f-0e8352b873b1",
        "dcb6f465-53de-4a34-8cdb-f6adc5369b56",
        "ffd6c537-48a2-45bb-83b6-994abfae2e74"
      ],
      "language1Data": {
        "languageCode": "hu-HU",
        "text": "Az óvatos sokat él",
        "preItem": null,
        "postItem": null
      },
      "language2Data": {
        "languageCode": "en-GB",
        "text": "The cautious live long",
        "preItem": null,
        "postItem": null
      },
      "examples": [],
      "isKnown": false,
      "isFavourite": false,
      "isImportant": false,
      "dontKnowCounter": 0,
      "lastReviewedAt": null
    },
    {
      "id": "9eda15e7-bb61-48a2-8b03-72e0ebcbe63c",
      "packageId": "e96c65c5-c774-4a2f-ad35-d9a4056681a6",
      "categoryIds": [
        "c8266c67-08be-4f36-bb9b-ffaa0ff96db9",
        "d4666e1d-30ec-4d63-a1e2-2dae6d7aede1",
        "fc504aaf-44de-400e-9ea8-875f01cce00e"
      ],
      "language1Data": {
        "languageCode": "hu-HU",
        "text": "Kutyából nem lesz szalonna",
        "preItem": null,
        "postItem": null
      },
      "language2Data": {
        "languageCode": "en-GB",
        "text": "You can't make bacon from a dog",
        "preItem": null,
        "postItem": null
      },
      "examples": [],
      "isKnown": false,
      "isFavourite": false,
      "isImportant": false,
      "dontKnowCounter": 0,
      "lastReviewedAt": null
    },
    {
      "id": "e1f27baa-f619-44ad-813a-b0394e6abe8a",
      "packageId": "e96c65c5-c774-4a2f-ad35-d9a4056681a6",
      "categoryIds": [
        "cc64dcc1-a462-4a6d-ae1a-026bc4ca96f7",
        "dcd87792-269e-4330-b1cd-8c2f76c02b9d",
        "f49a3942-2e3e-42dc-9480-782f848696e7"
      ],
      "language1Data": {
        "languageCode": "hu-HU",
        "text": "A szó elszáll, az írás megmarad",
        "preItem": null,
        "postItem": null
      },
      "language2Data": {
        "languageCode": "en-GB",
        "text": "Words fly away, writing remains",
        "preItem": null,
        "postItem": null
      },
      "examples": [],
      "isKnown": false,
      "isFavourite": false,
      "isImportant": false,
      "dontKnowCounter": 0,
      "lastReviewedAt": null
    }
  ]
}